TenureGroup,用户数,流失人数,流失率,平均订单数,平均返现,平均距上次下单天数
0-6个月,1459,417,0.2858122001370802,2.6778615490061686,164.47948594928033,3.996572995202193
13-24个月,1574,102,0.06480304955527319,3.644853875476493,200.7232528589581,5.237611181702668
24个月以上,504,0,0.0,3.6845238095238093,225.29934523809524,5.373015873015873
7-12个月,1585,157,0.09905362776025237,2.6586750788643534,161.47633438485803,4.326813880126183
新用户,508,272,0.5354330708661418,1.889763779527559,142.44257874015747,2.8838582677165356
